-- phpMyAdmin SQL Dump
-- version 5.2.1
-- https://www.phpmyadmin.net/
--
-- Host: localhost:3306
-- Generation Time: Nov 29, 2025 at 02:35 PM
-- Server version: 8.0.30
-- PHP Version: 8.1.10

SET SQL_MODE = "NO_AUTO_VALUE_ON_ZERO";
START TRANSACTION;
SET time_zone = "+00:00";


/*!40101 SET @OLD_CHARACTER_SET_CLIENT=@@CHARACTER_SET_CLIENT */;
/*!40101 SET @OLD_CHARACTER_SET_RESULTS=@@CHARACTER_SET_RESULTS */;
/*!40101 SET @OLD_COLLATION_CONNECTION=@@COLLATION_CONNECTION */;
/*!40101 SET NAMES utf8mb4 */;

--
-- Database: `laundry_db`
--

-- --------------------------------------------------------

--
-- Table structure for table `tb_detail_transaksi`
--

CREATE TABLE `tb_detail_transaksi` (
  `id` int NOT NULL,
  `transaksi_id` int DEFAULT NULL,
  `paket_id` int DEFAULT NULL,
  `qty` int NOT NULL,
  `keterangan` text
) ENGINE=InnoDB DEFAULT CHARSET=utf8mb4 COLLATE=utf8mb4_0900_ai_ci;

--
-- Dumping data for table `tb_detail_transaksi`
--

INSERT INTO `tb_detail_transaksi` (`id`, `transaksi_id`, `paket_id`, `qty`, `keterangan`) VALUES
(1, 1, 1, 2, '2 Kg cuci kiloan'),
(2, 1, 2, 1, '1 Selimut'),
(33, 32, 1, 1, ''),
(34, 33, 1, 1, ''),
(35, 34, 1, 2, ''),
(36, 35, 1, 1, '');

-- --------------------------------------------------------

--
-- Table structure for table `tb_member`
--

CREATE TABLE `tb_member` (
  `id` int NOT NULL,
  `nama` varchar(100) NOT NULL,
  `alamat` text,
  `jenis_kelamin` enum('L','P') NOT NULL,
  `tlp` varchar(20) DEFAULT NULL
) ENGINE=InnoDB DEFAULT CHARSET=utf8mb4 COLLATE=utf8mb4_0900_ai_ci;

--
-- Dumping data for table `tb_member`
--

INSERT INTO `tb_member` (`id`, `nama`, `alamat`, `jenis_kelamin`, `tlp`) VALUES
(1, 'Agus', 'Banjar', 'L', '081234567890'),
(2, 'Dimas', 'Ciamis', 'L', '082345678901'),
(20, 'alip', 'jambu', 'L', '1234567890');

-- --------------------------------------------------------

--
-- Table structure for table `tb_outlet`
--

CREATE TABLE `tb_outlet` (
  `id` int NOT NULL,
  `nama` varchar(100) NOT NULL,
  `alamat` text,
  `tlp` varchar(20) DEFAULT NULL
) ENGINE=InnoDB DEFAULT CHARSET=utf8mb4 COLLATE=utf8mb4_0900_ai_ci;

--
-- Dumping data for table `tb_outlet`
--

INSERT INTO `tb_outlet` (`id`, `nama`, `alamat`, `tlp`) VALUES
(1, 'Laundry Fresh', 'Jl. Merdeka No.1', '081234567890'),
(4, 'Laundry Fresh 2', 'Jl. Buntu No.2', '08746837737'),
(5, 'Laundry Fresh 3', 'Jl. Jalan No.1', '093793879487');

-- --------------------------------------------------------

--
-- Table structure for table `tb_paket`
--

CREATE TABLE `tb_paket` (
  `id` int NOT NULL,
  `outlet_id` int DEFAULT NULL,
  `jenis` enum('kiloan','selimut','bed_cover','lain') NOT NULL,
  `nama_paket` varchar(100) NOT NULL,
  `harga` int NOT NULL
) ENGINE=InnoDB DEFAULT CHARSET=utf8mb4 COLLATE=utf8mb4_0900_ai_ci;

--
-- Dumping data for table `tb_paket`
--

INSERT INTO `tb_paket` (`id`, `outlet_id`, `jenis`, `nama_paket`, `harga`) VALUES
(1, 1, 'kiloan', 'Cuci Kiloan', 7000),
(2, 1, 'selimut', 'Cuci Selimut', 15000),
(3, 1, 'bed_cover', 'Cuci Bed Cover', 20000);

-- --------------------------------------------------------

--
-- Table structure for table `tb_pelanggan`
--

CREATE TABLE `tb_pelanggan` (
  `id` int NOT NULL,
  `nama` varchar(100) NOT NULL,
  `alamat` text,
  `jenis_kelamin` enum('L','P') NOT NULL,
  `tlp` varchar(20) DEFAULT NULL
) ENGINE=InnoDB DEFAULT CHARSET=utf8mb4 COLLATE=utf8mb4_0900_ai_ci;

--
-- Dumping data for table `tb_pelanggan`
--

INSERT INTO `tb_pelanggan` (`id`, `nama`, `alamat`, `jenis_kelamin`, `tlp`) VALUES
(1, 'amad', 'pdk', 'L', '0965445788975');

-- --------------------------------------------------------

--
-- Table structure for table `tb_transaksi`
--

CREATE TABLE `tb_transaksi` (
  `id` int NOT NULL,
  `outlet_id` int DEFAULT NULL,
  `kode_invoice` varchar(100) NOT NULL,
  `member_id` int DEFAULT NULL,
  `pelanggan_id` int DEFAULT NULL,
  `tgl` date NOT NULL,
  `batas_waktu` date NOT NULL,
  `tgl_bayar` date DEFAULT NULL,
  `biaya_tambahan` int DEFAULT '0',
  `diskon` double DEFAULT '0',
  `pajak` double DEFAULT '0',
  `status` enum('baru','proses','selesai','diambil') DEFAULT 'baru',
  `dibayar` enum('dibayar','belum_dibayar') DEFAULT 'belum_dibayar',
  `user_id` int DEFAULT NULL,
  `total_bayar` double DEFAULT '0'
) ENGINE=InnoDB DEFAULT CHARSET=utf8mb4 COLLATE=utf8mb4_0900_ai_ci;

--
-- Dumping data for table `tb_transaksi`
--

INSERT INTO `tb_transaksi` (`id`, `outlet_id`, `kode_invoice`, `member_id`, `pelanggan_id`, `tgl`, `batas_waktu`, `tgl_bayar`, `biaya_tambahan`, `diskon`, `pajak`, `status`, `dibayar`, `user_id`, `total_bayar`) VALUES
(1, 1, 'INV001', 1, NULL, '2025-09-11', '2025-09-13', '2025-09-14', 0, 0, 0, 'diambil', 'dibayar', 1, 0),
(32, 4, 'INV002', 2, NULL, '2025-09-21', '2025-09-21', '2025-09-22', 0, 0, 0, 'diambil', 'dibayar', 1, 7000),
(33, 1, 'INV003', 20, NULL, '2025-09-22', '2028-04-23', NULL, 0, 0, 0, 'baru', 'belum_dibayar', 2, 7000),
(34, 1, 'INV004', 1, NULL, '2025-09-22', '2027-02-07', NULL, 0, 0, 0, 'baru', 'belum_dibayar', 1, 14000),
(35, 1, 'INV005', 20, NULL, '2025-09-22', '2028-03-23', NULL, 0, 0, 0, 'baru', 'belum_dibayar', 1, 7000);

-- --------------------------------------------------------

--
-- Table structure for table `tb_user`
--

CREATE TABLE `tb_user` (
  `id` int NOT NULL,
  `nama` varchar(100) NOT NULL,
  `username` varchar(50) NOT NULL,
  `password` varchar(255) NOT NULL,
  `role` enum('admin','kasir','owner') NOT NULL,
  `outlet_id` int DEFAULT NULL
) ENGINE=InnoDB DEFAULT CHARSET=utf8mb4 COLLATE=utf8mb4_0900_ai_ci;

--
-- Dumping data for table `tb_user`
--

INSERT INTO `tb_user` (`id`, `nama`, `username`, `password`, `role`, `outlet_id`) VALUES
(1, 'Agus', 'admin', '$2y$10$.dRJisRYZpmi1cG3XbVjjeWBSqmadQbGoL4Li9aXlbfj6JVTSW2YS', 'admin', 1),
(2, 'dimas', 'kasir', '$2y$10$j8RPAREFfvxkkK//0EkUrenwIp0Dite/f1U2coOkfCmJYKO65mpVq', 'kasir', 1),
(3, 'bpk. bambang', 'owner', '$2y$10$lUDGuapM6ydKlzdM0TgNme5zrC.4ehc/w3noU6DxTKutxe50Ja/Ve', 'owner', 1);

-- --------------------------------------------------------

--
-- Table structure for table `user_logs`
--

CREATE TABLE `user_logs` (
  `id` int NOT NULL,
  `user_id` int NOT NULL,
  `aktivitas` varchar(100) NOT NULL,
  `keterangan` text,
  `ip_address` varchar(50) DEFAULT NULL,
  `user_agent` text,
  `created_at` timestamp NULL DEFAULT CURRENT_TIMESTAMP
) ENGINE=InnoDB DEFAULT CHARSET=utf8mb4 COLLATE=utf8mb4_0900_ai_ci;

--
-- Dumping data for table `user_logs`
--

INSERT INTO `user_logs` (`id`, `user_id`, `aktivitas`, `keterangan`, `ip_address`, `user_agent`, `created_at`) VALUES
(1, 1, 'Login', 'User berhasil login ke sistem', '::1', 'Mozilla/5.0 (Windows NT 10.0; Win64; x64) AppleWebKit/537.36 (KHTML, like Gecko) Chrome/140.0.0.0 Safari/537.36 Edg/140.0.0.0', '2025-09-16 15:41:58'),
(2, 1, 'Logout', '', '::1', 'Mozilla/5.0 (Windows NT 10.0; Win64; x64) AppleWebKit/537.36 (KHTML, like Gecko) Chrome/140.0.0.0 Safari/537.36 Edg/140.0.0.0', '2025-09-16 15:42:20'),
(3, 2, 'Login', 'User berhasil login ke sistem', '::1', 'Mozilla/5.0 (Windows NT 10.0; Win64; x64) AppleWebKit/537.36 (KHTML, like Gecko) Chrome/140.0.0.0 Safari/537.36 Edg/140.0.0.0', '2025-09-16 15:42:32'),
(4, 2, 'Logout', '', '::1', 'Mozilla/5.0 (Windows NT 10.0; Win64; x64) AppleWebKit/537.36 (KHTML, like Gecko) Chrome/140.0.0.0 Safari/537.36 Edg/140.0.0.0', '2025-09-17 01:24:36'),
(5, 1, 'Login', 'User berhasil login ke sistem', '::1', 'Mozilla/5.0 (Windows NT 10.0; Win64; x64) AppleWebKit/537.36 (KHTML, like Gecko) Chrome/140.0.0.0 Safari/537.36 Edg/140.0.0.0', '2025-09-17 01:24:42'),
(6, 1, 'Logout', '', '::1', 'Mozilla/5.0 (Windows NT 10.0; Win64; x64) AppleWebKit/537.36 (KHTML, like Gecko) Chrome/140.0.0.0 Safari/537.36 Edg/140.0.0.0', '2025-09-17 01:56:45'),
(7, 1, 'Login', 'User berhasil login ke sistem', '::1', 'Mozilla/5.0 (Windows NT 10.0; Win64; x64) AppleWebKit/537.36 (KHTML, like Gecko) Chrome/140.0.0.0 Safari/537.36 Edg/140.0.0.0', '2025-09-17 01:57:27'),
(8, 1, 'Logout', '', '::1', 'Mozilla/5.0 (Windows NT 10.0; Win64; x64) AppleWebKit/537.36 (KHTML, like Gecko) Chrome/140.0.0.0 Safari/537.36 Edg/140.0.0.0', '2025-09-17 01:57:48'),
(9, 1, 'Login', 'User berhasil login ke sistem', '::1', 'Mozilla/5.0 (Windows NT 10.0; Win64; x64) AppleWebKit/537.36 (KHTML, like Gecko) Chrome/140.0.0.0 Safari/537.36 Edg/140.0.0.0', '2025-09-17 01:57:52'),
(10, 1, 'Logout', '', '::1', 'Mozilla/5.0 (Windows NT 10.0; Win64; x64) AppleWebKit/537.36 (KHTML, like Gecko) Chrome/140.0.0.0 Safari/537.36 Edg/140.0.0.0', '2025-09-17 01:57:57'),
(11, 3, 'Login', 'User berhasil login ke sistem', '::1', 'Mozilla/5.0 (Windows NT 10.0; Win64; x64) AppleWebKit/537.36 (KHTML, like Gecko) Chrome/140.0.0.0 Safari/537.36 Edg/140.0.0.0', '2025-09-17 01:58:04'),
(12, 3, 'Logout', '', '::1', 'Mozilla/5.0 (Windows NT 10.0; Win64; x64) AppleWebKit/537.36 (KHTML, like Gecko) Chrome/140.0.0.0 Safari/537.36 Edg/140.0.0.0', '2025-09-17 01:58:14'),
(13, 1, 'Login', 'User berhasil login ke sistem', '::1', 'Mozilla/5.0 (Windows NT 10.0; Win64; x64) AppleWebKit/537.36 (KHTML, like Gecko) Chrome/140.0.0.0 Safari/537.36 Edg/140.0.0.0', '2025-09-17 01:58:17'),
(14, 1, 'Logout', '', '::1', 'Mozilla/5.0 (Windows NT 10.0; Win64; x64) AppleWebKit/537.36 (KHTML, like Gecko) Chrome/140.0.0.0 Safari/537.36 Edg/140.0.0.0', '2025-09-17 02:07:04'),
(15, 3, 'Login', 'User berhasil login ke sistem', '::1', 'Mozilla/5.0 (Windows NT 10.0; Win64; x64) AppleWebKit/537.36 (KHTML, like Gecko) Chrome/140.0.0.0 Safari/537.36 Edg/140.0.0.0', '2025-09-17 02:07:14'),
(16, 3, 'Logout', '', '::1', 'Mozilla/5.0 (Windows NT 10.0; Win64; x64) AppleWebKit/537.36 (KHTML, like Gecko) Chrome/140.0.0.0 Safari/537.36 Edg/140.0.0.0', '2025-09-17 02:19:30'),
(17, 2, 'Login', 'User berhasil login ke sistem', '::1', 'Mozilla/5.0 (Windows NT 10.0; Win64; x64) AppleWebKit/537.36 (KHTML, like Gecko) Chrome/140.0.0.0 Safari/537.36 Edg/140.0.0.0', '2025-09-17 02:19:40'),
(18, 2, 'Logout', '', '::1', 'Mozilla/5.0 (Windows NT 10.0; Win64; x64) AppleWebKit/537.36 (KHTML, like Gecko) Chrome/140.0.0.0 Safari/537.36 Edg/140.0.0.0', '2025-09-17 02:26:29'),
(19, 1, 'Login', 'User berhasil login ke sistem', '::1', 'Mozilla/5.0 (Windows NT 10.0; Win64; x64) AppleWebKit/537.36 (KHTML, like Gecko) Chrome/140.0.0.0 Safari/537.36 Edg/140.0.0.0', '2025-09-17 02:26:33'),
(20, 1, 'Logout', '', '::1', 'Mozilla/5.0 (Windows NT 10.0; Win64; x64) AppleWebKit/537.36 (KHTML, like Gecko) Chrome/140.0.0.0 Safari/537.36 Edg/140.0.0.0', '2025-09-17 02:36:43'),
(21, 1, 'Login', 'User berhasil login ke sistem', '::1', 'Mozilla/5.0 (Windows NT 10.0; Win64; x64) AppleWebKit/537.36 (KHTML, like Gecko) Chrome/140.0.0.0 Safari/537.36 Edg/140.0.0.0', '2025-09-17 02:38:14'),
(22, 1, 'Logout', '', '::1', 'Mozilla/5.0 (Windows NT 10.0; Win64; x64) AppleWebKit/537.36 (KHTML, like Gecko) Chrome/140.0.0.0 Safari/537.36 Edg/140.0.0.0', '2025-09-17 02:38:24'),
(23, 2, 'Login', 'User berhasil login ke sistem', '::1', 'Mozilla/5.0 (Windows NT 10.0; Win64; x64) AppleWebKit/537.36 (KHTML, like Gecko) Chrome/140.0.0.0 Safari/537.36 Edg/140.0.0.0', '2025-09-17 02:38:42'),
(24, 2, 'Logout', '', '::1', 'Mozilla/5.0 (Windows NT 10.0; Win64; x64) AppleWebKit/537.36 (KHTML, like Gecko) Chrome/140.0.0.0 Safari/537.36 Edg/140.0.0.0', '2025-09-17 02:39:37'),
(25, 1, 'Login', 'User berhasil login ke sistem', '::1', 'Mozilla/5.0 (Windows NT 10.0; Win64; x64) AppleWebKit/537.36 (KHTML, like Gecko) Chrome/140.0.0.0 Safari/537.36 Edg/140.0.0.0', '2025-09-17 02:39:41'),
(26, 1, 'Login', 'User berhasil login ke sistem', '::1', 'Mozilla/5.0 (Windows NT 10.0; Win64; x64) AppleWebKit/537.36 (KHTML, like Gecko) Chrome/140.0.0.0 Safari/537.36 Edg/140.0.0.0', '2025-09-17 08:34:27'),
(27, 1, 'Login', 'User berhasil login ke sistem', '::1', 'Mozilla/5.0 (Windows NT 10.0; Win64; x64) AppleWebKit/537.36 (KHTML, like Gecko) Chrome/140.0.0.0 Safari/537.36 Edg/140.0.0.0', '2025-09-18 01:05:47'),
(28, 1, 'Logout', '', '::1', 'Mozilla/5.0 (Windows NT 10.0; Win64; x64) AppleWebKit/537.36 (KHTML, like Gecko) Chrome/140.0.0.0 Safari/537.36 Edg/140.0.0.0', '2025-09-18 01:46:41'),
(29, 1, 'Login', 'User berhasil login ke sistem', '::1', 'Mozilla/5.0 (Windows NT 10.0; Win64; x64) AppleWebKit/537.36 (KHTML, like Gecko) Chrome/140.0.0.0 Safari/537.36 Edg/140.0.0.0', '2025-09-18 01:56:19'),
(30, 1, 'Logout', '', '::1', 'Mozilla/5.0 (Windows NT 10.0; Win64; x64) AppleWebKit/537.36 (KHTML, like Gecko) Chrome/140.0.0.0 Safari/537.36 Edg/140.0.0.0', '2025-09-18 01:58:14'),
(31, 1, 'Login', 'User berhasil login ke sistem', '::1', 'Mozilla/5.0 (Windows NT 10.0; Win64; x64) AppleWebKit/537.36 (KHTML, like Gecko) Chrome/140.0.0.0 Safari/537.36 Edg/140.0.0.0', '2025-09-18 02:21:07'),
(32, 1, 'Login', 'User berhasil login ke sistem', '::1', 'Mozilla/5.0 (Windows NT 10.0; Win64; x64) AppleWebKit/537.36 (KHTML, like Gecko) Chrome/140.0.0.0 Safari/537.36 Edg/140.0.0.0', '2025-09-18 02:26:31'),
(33, 2, 'Login', 'User berhasil login ke sistem', '::1', 'Mozilla/5.0 (Windows NT 10.0; Win64; x64) AppleWebKit/537.36 (KHTML, like Gecko) Chrome/140.0.0.0 Safari/537.36 Edg/140.0.0.0', '2025-09-18 02:26:42'),
(34, 2, 'Logout', '', '::1', 'Mozilla/5.0 (Windows NT 10.0; Win64; x64) AppleWebKit/537.36 (KHTML, like Gecko) Chrome/140.0.0.0 Safari/537.36 Edg/140.0.0.0', '2025-09-18 02:59:41'),
(35, 1, 'Login', 'User berhasil login ke sistem', '::1', 'Mozilla/5.0 (Windows NT 10.0; Win64; x64) AppleWebKit/537.36 (KHTML, like Gecko) Chrome/140.0.0.0 Safari/537.36 Edg/140.0.0.0', '2025-09-18 03:01:09'),
(36, 1, 'Tambah Member', 'Menambahkan member baru → Nama: kakaka, JK: L, Telp: sdchbs', '::1', 'Mozilla/5.0 (Windows NT 10.0; Win64; x64) AppleWebKit/537.36 (KHTML, like Gecko) Chrome/140.0.0.0 Safari/537.36 Edg/140.0.0.0', '2025-09-18 04:57:48'),
(37, 1, 'Logout', '', '::1', 'Mozilla/5.0 (Windows NT 10.0; Win64; x64) AppleWebKit/537.36 (KHTML, like Gecko) Chrome/140.0.0.0 Safari/537.36 Edg/140.0.0.0', '2025-09-18 04:58:14'),
(38, 3, 'Login', 'User berhasil login ke sistem', '::1', 'Mozilla/5.0 (Windows NT 10.0; Win64; x64) AppleWebKit/537.36 (KHTML, like Gecko) Chrome/140.0.0.0 Safari/537.36 Edg/140.0.0.0', '2025-09-18 04:58:21'),
(39, 3, 'Logout', '', '::1', 'Mozilla/5.0 (Windows NT 10.0; Win64; x64) AppleWebKit/537.36 (KHTML, like Gecko) Chrome/140.0.0.0 Safari/537.36 Edg/140.0.0.0', '2025-09-18 05:52:52'),
(40, 3, 'Login', 'User berhasil login ke sistem', '::1', 'Mozilla/5.0 (Windows NT 10.0; Win64; x64) AppleWebKit/537.36 (KHTML, like Gecko) Chrome/140.0.0.0 Safari/537.36 Edg/140.0.0.0', '2025-09-18 05:53:02'),
(41, 3, 'Logout', '', '::1', 'Mozilla/5.0 (Windows NT 10.0; Win64; x64) AppleWebKit/537.36 (KHTML, like Gecko) Chrome/140.0.0.0 Safari/537.36 Edg/140.0.0.0', '2025-09-18 05:53:14'),
(42, 1, 'Login', 'User berhasil login ke sistem', '::1', 'Mozilla/5.0 (Windows NT 10.0; Win64; x64) AppleWebKit/537.36 (KHTML, like Gecko) Chrome/140.0.0.0 Safari/537.36 Edg/140.0.0.0', '2025-09-18 05:53:19'),
(43, 1, 'Logout', '', '::1', 'Mozilla/5.0 (Windows NT 10.0; Win64; x64) AppleWebKit/537.36 (KHTML, like Gecko) Chrome/140.0.0.0 Safari/537.36 Edg/140.0.0.0', '2025-09-18 05:57:45'),
(44, 3, 'Login', 'User berhasil login ke sistem', '::1', 'Mozilla/5.0 (Windows NT 10.0; Win64; x64) AppleWebKit/537.36 (KHTML, like Gecko) Chrome/140.0.0.0 Safari/537.36 Edg/140.0.0.0', '2025-09-18 05:57:51'),
(45, 3, 'Logout', '', '::1', 'Mozilla/5.0 (Windows NT 10.0; Win64; x64) AppleWebKit/537.36 (KHTML, like Gecko) Chrome/140.0.0.0 Safari/537.36 Edg/140.0.0.0', '2025-09-18 05:58:19'),
(46, 1, 'Login', 'User berhasil login ke sistem', '::1', 'Mozilla/5.0 (Windows NT 10.0; Win64; x64) AppleWebKit/537.36 (KHTML, like Gecko) Chrome/140.0.0.0 Safari/537.36 Edg/140.0.0.0', '2025-09-18 05:58:23'),
(47, 1, 'Logout', '', '::1', 'Mozilla/5.0 (Windows NT 10.0; Win64; x64) AppleWebKit/537.36 (KHTML, like Gecko) Chrome/140.0.0.0 Safari/537.36 Edg/140.0.0.0', '2025-09-18 06:07:04'),
(48, 3, 'Login', 'User berhasil login ke sistem', '::1', 'Mozilla/5.0 (Windows NT 10.0; Win64; x64) AppleWebKit/537.36 (KHTML, like Gecko) Chrome/140.0.0.0 Safari/537.36 Edg/140.0.0.0', '2025-09-18 06:07:14'),
(49, 3, 'Logout', '', '::1', 'Mozilla/5.0 (Windows NT 10.0; Win64; x64) AppleWebKit/537.36 (KHTML, like Gecko) Chrome/140.0.0.0 Safari/537.36 Edg/140.0.0.0', '2025-09-18 06:15:09'),
(50, 2, 'Login', 'User berhasil login ke sistem', '::1', 'Mozilla/5.0 (Windows NT 10.0; Win64; x64) AppleWebKit/537.36 (KHTML, like Gecko) Chrome/140.0.0.0 Safari/537.36 Edg/140.0.0.0', '2025-09-18 06:15:14'),
(51, 2, 'Tambah Member', 'Menambahkan member baru → Nama: kjdscb, JK: L, Telp: 0965445788975', '::1', 'Mozilla/5.0 (Windows NT 10.0; Win64; x64) AppleWebKit/537.36 (KHTML, like Gecko) Chrome/140.0.0.0 Safari/537.36 Edg/140.0.0.0', '2025-09-18 06:15:30'),
(52, 2, 'Logout', '', '::1', 'Mozilla/5.0 (Windows NT 10.0; Win64; x64) AppleWebKit/537.36 (KHTML, like Gecko) Chrome/140.0.0.0 Safari/537.36 Edg/140.0.0.0', '2025-09-18 06:15:35'),
(53, 3, 'Login', 'User berhasil login ke sistem', '::1', 'Mozilla/5.0 (Windows NT 10.0; Win64; x64) AppleWebKit/537.36 (KHTML, like Gecko) Chrome/140.0.0.0 Safari/537.36 Edg/140.0.0.0', '2025-09-18 06:15:45'),
(54, 3, 'Logout', '', '::1', 'Mozilla/5.0 (Windows NT 10.0; Win64; x64) AppleWebKit/537.36 (KHTML, like Gecko) Chrome/140.0.0.0 Safari/537.36 Edg/140.0.0.0', '2025-09-18 06:20:21'),
(55, 1, 'Login', 'User berhasil login ke sistem', '::1', 'Mozilla/5.0 (Windows NT 10.0; Win64; x64) AppleWebKit/537.36 (KHTML, like Gecko) Chrome/140.0.0.0 Safari/537.36 Edg/140.0.0.0', '2025-09-18 06:20:26'),
(56, 1, 'delete transaksi', 'Menghapus transaksi ID 20', '::1', 'Mozilla/5.0 (Windows NT 10.0; Win64; x64) AppleWebKit/537.36 (KHTML, like Gecko) Chrome/140.0.0.0 Safari/537.36 Edg/140.0.0.0', '2025-09-18 06:52:28'),
(57, 1, 'delete transaksi', 'Menghapus transaksi ID 21', '::1', 'Mozilla/5.0 (Windows NT 10.0; Win64; x64) AppleWebKit/537.36 (KHTML, like Gecko) Chrome/140.0.0.0 Safari/537.36 Edg/140.0.0.0', '2025-09-18 06:52:35'),
(58, 1, 'delete transaksi', 'Menghapus transaksi ID 19', '::1', 'Mozilla/5.0 (Windows NT 10.0; Win64; x64) AppleWebKit/537.36 (KHTML, like Gecko) Chrome/140.0.0.0 Safari/537.36 Edg/140.0.0.0', '2025-09-18 06:52:40'),
(59, 1, 'delete transaksi', 'Menghapus transaksi ID 18', '::1', 'Mozilla/5.0 (Windows NT 10.0; Win64; x64) AppleWebKit/537.36 (KHTML, like Gecko) Chrome/140.0.0.0 Safari/537.36 Edg/140.0.0.0', '2025-09-18 06:52:44'),
(60, 1, 'Logout', '', '::1', 'Mozilla/5.0 (Windows NT 10.0; Win64; x64) AppleWebKit/537.36 (KHTML, like Gecko) Chrome/140.0.0.0 Safari/537.36 Edg/140.0.0.0', '2025-09-18 06:52:49'),
(61, 3, 'Login', 'User berhasil login ke sistem', '::1', 'Mozilla/5.0 (Windows NT 10.0; Win64; x64) AppleWebKit/537.36 (KHTML, like Gecko) Chrome/140.0.0.0 Safari/537.36 Edg/140.0.0.0', '2025-09-18 06:52:55'),
(62, 3, 'Logout', '', '::1', 'Mozilla/5.0 (Windows NT 10.0; Win64; x64) AppleWebKit/537.36 (KHTML, like Gecko) Chrome/140.0.0.0 Safari/537.36 Edg/140.0.0.0', '2025-09-18 07:35:50'),
(63, 1, 'Login', 'User berhasil login ke sistem', '::1', 'Mozilla/5.0 (Windows NT 10.0; Win64; x64) AppleWebKit/537.36 (KHTML, like Gecko) Chrome/140.0.0.0 Safari/537.36 Edg/140.0.0.0', '2025-09-18 07:35:55'),
(64, 1, 'Login', 'User berhasil login ke sistem', '::1', 'Mozilla/5.0 (Windows NT 10.0; Win64; x64) AppleWebKit/537.36 (KHTML, like Gecko) Chrome/140.0.0.0 Safari/537.36 Edg/140.0.0.0', '2025-09-19 01:21:26'),
(65, 1, 'Logout', '', '::1', 'Mozilla/5.0 (Windows NT 10.0; Win64; x64) AppleWebKit/537.36 (KHTML, like Gecko) Chrome/140.0.0.0 Safari/537.36 Edg/140.0.0.0', '2025-09-19 02:21:50'),
(66, 3, 'Login', 'User berhasil login ke sistem', '::1', 'Mozilla/5.0 (Windows NT 10.0; Win64; x64) AppleWebKit/537.36 (KHTML, like Gecko) Chrome/140.0.0.0 Safari/537.36 Edg/140.0.0.0', '2025-09-19 02:22:05'),
(67, 3, 'Logout', '', '::1', 'Mozilla/5.0 (Windows NT 10.0; Win64; x64) AppleWebKit/537.36 (KHTML, like Gecko) Chrome/140.0.0.0 Safari/537.36 Edg/140.0.0.0', '2025-09-19 02:48:37'),
(68, 1, 'Login', 'User berhasil login ke sistem', '::1', 'Mozilla/5.0 (Windows NT 10.0; Win64; x64) AppleWebKit/537.36 (KHTML, like Gecko) Chrome/140.0.0.0 Safari/537.36 Edg/140.0.0.0', '2025-09-19 02:48:40'),
(69, 1, 'Logout', '', '::1', 'Mozilla/5.0 (Windows NT 10.0; Win64; x64) AppleWebKit/537.36 (KHTML, like Gecko) Chrome/140.0.0.0 Safari/537.36 Edg/140.0.0.0', '2025-09-19 02:48:46'),
(70, 3, 'Login', 'User berhasil login ke sistem', '::1', 'Mozilla/5.0 (Windows NT 10.0; Win64; x64) AppleWebKit/537.36 (KHTML, like Gecko) Chrome/140.0.0.0 Safari/537.36 Edg/140.0.0.0', '2025-09-19 02:48:52'),
(71, 3, 'Logout', '', '::1', 'Mozilla/5.0 (Windows NT 10.0; Win64; x64) AppleWebKit/537.36 (KHTML, like Gecko) Chrome/140.0.0.0 Safari/537.36 Edg/140.0.0.0', '2025-09-19 02:48:58'),
(72, 1, 'Login', 'User berhasil login ke sistem', '::1', 'Mozilla/5.0 (Windows NT 10.0; Win64; x64) AppleWebKit/537.36 (KHTML, like Gecko) Chrome/140.0.0.0 Safari/537.36 Edg/140.0.0.0', '2025-09-19 02:49:03'),
(73, 1, 'Logout', '', '::1', 'Mozilla/5.0 (Windows NT 10.0; Win64; x64) AppleWebKit/537.36 (KHTML, like Gecko) Chrome/140.0.0.0 Safari/537.36 Edg/140.0.0.0', '2025-09-19 02:53:07'),
(74, 3, 'Login', 'User berhasil login ke sistem', '::1', 'Mozilla/5.0 (Windows NT 10.0; Win64; x64) AppleWebKit/537.36 (KHTML, like Gecko) Chrome/140.0.0.0 Safari/537.36 Edg/140.0.0.0', '2025-09-19 02:53:12'),
(75, 3, 'Logout', '', '::1', 'Mozilla/5.0 (Windows NT 10.0; Win64; x64) AppleWebKit/537.36 (KHTML, like Gecko) Chrome/140.0.0.0 Safari/537.36 Edg/140.0.0.0', '2025-09-19 03:22:57'),
(76, 1, 'Login', 'User berhasil login ke sistem', '::1', 'Mozilla/5.0 (Windows NT 10.0; Win64; x64) AppleWebKit/537.36 (KHTML, like Gecko) Chrome/140.0.0.0 Safari/537.36 Edg/140.0.0.0', '2025-09-19 03:23:02'),
(77, 1, 'Logout', '', '::1', 'Mozilla/5.0 (Windows NT 10.0; Win64; x64) AppleWebKit/537.36 (KHTML, like Gecko) Chrome/140.0.0.0 Safari/537.36 Edg/140.0.0.0', '2025-09-19 03:49:50'),
(78, 1, 'Login', 'User berhasil login ke sistem', '::1', 'Mozilla/5.0 (Windows NT 10.0; Win64; x64) AppleWebKit/537.36 (KHTML, like Gecko) Chrome/140.0.0.0 Safari/537.36 Edg/140.0.0.0', '2025-09-19 03:53:09'),
(79, 1, 'Logout', '', '::1', 'Mozilla/5.0 (Windows NT 10.0; Win64; x64) AppleWebKit/537.36 (KHTML, like Gecko) Chrome/140.0.0.0 Safari/537.36 Edg/140.0.0.0', '2025-09-19 03:56:12'),
(80, 3, 'Login', 'User berhasil login ke sistem', '::1', 'Mozilla/5.0 (Windows NT 10.0; Win64; x64) AppleWebKit/537.36 (KHTML, like Gecko) Chrome/140.0.0.0 Safari/537.36 Edg/140.0.0.0', '2025-09-19 03:56:18'),
(81, 3, 'Logout', '', '::1', 'Mozilla/5.0 (Windows NT 10.0; Win64; x64) AppleWebKit/537.36 (KHTML, like Gecko) Chrome/140.0.0.0 Safari/537.36 Edg/140.0.0.0', '2025-09-19 03:58:24'),
(82, 1, 'Login', 'User berhasil login ke sistem', '::1', 'Mozilla/5.0 (Windows NT 10.0; Win64; x64) AppleWebKit/537.36 (KHTML, like Gecko) Chrome/140.0.0.0 Safari/537.36 Edg/140.0.0.0', '2025-09-19 03:58:29'),
(85, 1, 'Login', 'User berhasil login ke sistem', '::1', 'Mozilla/5.0 (Windows NT 10.0; Win64; x64) AppleWebKit/537.36 (KHTML, like Gecko) Chrome/140.0.0.0 Safari/537.36', '2025-09-20 07:29:25'),
(86, 1, 'delete transaksi', 'Menghapus transaksi ID 25', '::1', 'Mozilla/5.0 (Windows NT 10.0; Win64; x64) AppleWebKit/537.36 (KHTML, like Gecko) Chrome/140.0.0.0 Safari/537.36 Edg/140.0.0.0', '2025-09-20 11:45:57'),
(87, 1, 'delete transaksi', 'Menghapus transaksi ID 22', '::1', 'Mozilla/5.0 (Windows NT 10.0; Win64; x64) AppleWebKit/537.36 (KHTML, like Gecko) Chrome/140.0.0.0 Safari/537.36 Edg/140.0.0.0', '2025-09-20 11:46:02'),
(88, 1, 'delete transaksi', 'Menghapus transaksi ID 17', '::1', 'Mozilla/5.0 (Windows NT 10.0; Win64; x64) AppleWebKit/537.36 (KHTML, like Gecko) Chrome/140.0.0.0 Safari/537.36 Edg/140.0.0.0', '2025-09-20 11:46:06'),
(89, 1, 'delete transaksi', 'Menghapus transaksi ID 16', '::1', 'Mozilla/5.0 (Windows NT 10.0; Win64; x64) AppleWebKit/537.36 (KHTML, like Gecko) Chrome/140.0.0.0 Safari/537.36 Edg/140.0.0.0', '2025-09-20 11:46:10'),
(90, 1, 'delete transaksi', 'Menghapus transaksi ID 15', '::1', 'Mozilla/5.0 (Windows NT 10.0; Win64; x64) AppleWebKit/537.36 (KHTML, like Gecko) Chrome/140.0.0.0 Safari/537.36 Edg/140.0.0.0', '2025-09-20 11:46:14'),
(91, 1, 'delete transaksi', 'Menghapus transaksi ID 14', '::1', 'Mozilla/5.0 (Windows NT 10.0; Win64; x64) AppleWebKit/537.36 (KHTML, like Gecko) Chrome/140.0.0.0 Safari/537.36 Edg/140.0.0.0', '2025-09-20 11:46:19'),
(92, 1, 'delete transaksi', 'Menghapus transaksi ID 13', '::1', 'Mozilla/5.0 (Windows NT 10.0; Win64; x64) AppleWebKit/537.36 (KHTML, like Gecko) Chrome/140.0.0.0 Safari/537.36 Edg/140.0.0.0', '2025-09-20 12:00:11'),
(93, 1, 'Tambah Member', 'Menambahkan member baru → Nama: diki, JK: L, Telp: 029289289289', '::1', 'Mozilla/5.0 (Windows NT 10.0; Win64; x64) AppleWebKit/537.36 (KHTML, like Gecko) Chrome/140.0.0.0 Safari/537.36 Edg/140.0.0.0', '2025-09-21 02:41:28'),
(94, 1, 'Tambah Pelanggan', 'Menambahkan pelanggan baru → Nama: rajaa, JK: L, Telp: 00048374', '::1', 'Mozilla/5.0 (Windows NT 10.0; Win64; x64) AppleWebKit/537.36 (KHTML, like Gecko) Chrome/140.0.0.0 Safari/537.36 Edg/140.0.0.0', '2025-09-21 02:50:36'),
(95, 1, 'Tambah Pelanggan', 'Menambahkan pelanggan baru → Nama: amag, JK: P, Telp: 877', '::1', 'Mozilla/5.0 (Windows NT 10.0; Win64; x64) AppleWebKit/537.36 (KHTML, like Gecko) Chrome/140.0.0.0 Safari/537.36 Edg/140.0.0.0', '2025-09-21 02:52:50'),
(96, 1, 'delete transaksi', 'Menghapus transaksi ID 27', '::1', 'Mozilla/5.0 (Windows NT 10.0; Win64; x64) AppleWebKit/537.36 (KHTML, like Gecko) Chrome/140.0.0.0 Safari/537.36 Edg/140.0.0.0', '2025-09-21 02:54:12'),
(97, 1, 'delete transaksi', 'Menghapus transaksi ID 26', '::1', 'Mozilla/5.0 (Windows NT 10.0; Win64; x64) AppleWebKit/537.36 (KHTML, like Gecko) Chrome/140.0.0.0 Safari/537.36 Edg/140.0.0.0', '2025-09-21 02:54:19'),
(98, 1, 'delete transaksi', 'Menghapus transaksi ID 28', '::1', 'Mozilla/5.0 (Windows NT 10.0; Win64; x64) AppleWebKit/537.36 (KHTML, like Gecko) Chrome/140.0.0.0 Safari/537.36 Edg/140.0.0.0', '2025-09-21 03:01:18'),
(99, 1, 'Tambah Pelanggan', 'Menambahkan pelanggan baru → Nama: amag, JK: L, Telp: 877', '::1', 'Mozilla/5.0 (Windows NT 10.0; Win64; x64) AppleWebKit/537.36 (KHTML, like Gecko) Chrome/140.0.0.0 Safari/537.36 Edg/140.0.0.0', '2025-09-21 03:14:30'),
(100, 1, 'delete transaksi', 'Menghapus transaksi ID 29', '::1', 'Mozilla/5.0 (Windows NT 10.0; Win64; x64) AppleWebKit/537.36 (KHTML, like Gecko) Chrome/140.0.0.0 Safari/537.36 Edg/140.0.0.0', '2025-09-21 03:15:16'),
(101, 1, 'delete transaksi', 'Menghapus transaksi ID 30', '::1', 'Mozilla/5.0 (Windows NT 10.0; Win64; x64) AppleWebKit/537.36 (KHTML, like Gecko) Chrome/140.0.0.0 Safari/537.36 Edg/140.0.0.0', '2025-09-21 03:22:15'),
(102, 1, 'delete transaksi', 'Menghapus transaksi ID 31', '::1', 'Mozilla/5.0 (Windows NT 10.0; Win64; x64) AppleWebKit/537.36 (KHTML, like Gecko) Chrome/140.0.0.0 Safari/537.36 Edg/140.0.0.0', '2025-09-21 03:32:05'),
(103, 1, 'Hapus Paket', 'ID Paket: 7', '::1', 'Mozilla/5.0 (Windows NT 10.0; Win64; x64) AppleWebKit/537.36 (KHTML, like Gecko) Chrome/140.0.0.0 Safari/537.36 Edg/140.0.0.0', '2025-09-21 04:08:56'),
(104, 1, 'Logout', '', '::1', 'Mozilla/5.0 (Windows NT 10.0; Win64; x64) AppleWebKit/537.36 (KHTML, like Gecko) Chrome/140.0.0.0 Safari/537.36 Edg/140.0.0.0', '2025-09-21 04:15:37'),
(105, 3, 'Login', 'User berhasil login ke sistem', '::1', 'Mozilla/5.0 (Windows NT 10.0; Win64; x64) AppleWebKit/537.36 (KHTML, like Gecko) Chrome/140.0.0.0 Safari/537.36 Edg/140.0.0.0', '2025-09-21 04:15:45'),
(106, 3, 'Logout', '', '::1', 'Mozilla/5.0 (Windows NT 10.0; Win64; x64) AppleWebKit/537.36 (KHTML, like Gecko) Chrome/140.0.0.0 Safari/537.36 Edg/140.0.0.0', '2025-09-21 04:26:35'),
(107, 1, 'Login', 'User berhasil login ke sistem', '::1', 'Mozilla/5.0 (Windows NT 10.0; Win64; x64) AppleWebKit/537.36 (KHTML, like Gecko) Chrome/140.0.0.0 Safari/537.36 Edg/140.0.0.0', '2025-09-21 04:26:38'),
(108, 1, 'Logout', '', '::1', 'Mozilla/5.0 (Windows NT 10.0; Win64; x64) AppleWebKit/537.36 (KHTML, like Gecko) Chrome/140.0.0.0 Safari/537.36 Edg/140.0.0.0', '2025-09-22 01:54:20'),
(109, 1, 'Login', 'User berhasil login ke sistem', '::1', 'Mozilla/5.0 (Windows NT 10.0; Win64; x64) AppleWebKit/537.36 (KHTML, like Gecko) Chrome/140.0.0.0 Safari/537.36 Edg/140.0.0.0', '2025-09-22 02:09:06'),
(110, 1, 'Logout', '', '::1', 'Mozilla/5.0 (Windows NT 10.0; Win64; x64) AppleWebKit/537.36 (KHTML, like Gecko) Chrome/140.0.0.0 Safari/537.36 Edg/140.0.0.0', '2025-09-22 02:17:37'),
(111, 1, 'Login', 'User berhasil login ke sistem', '::1', 'Mozilla/5.0 (Windows NT 10.0; Win64; x64) AppleWebKit/537.36 (KHTML, like Gecko) Chrome/140.0.0.0 Safari/537.36 Edg/140.0.0.0', '2025-09-22 02:19:34'),
(112, 1, 'Logout', '', '::1', 'Mozilla/5.0 (Windows NT 10.0; Win64; x64) AppleWebKit/537.36 (KHTML, like Gecko) Chrome/140.0.0.0 Safari/537.36 Edg/140.0.0.0', '2025-09-22 02:24:02'),
(113, 2, 'Login', 'User berhasil login ke sistem', '::1', 'Mozilla/5.0 (Windows NT 10.0; Win64; x64) AppleWebKit/537.36 (KHTML, like Gecko) Chrome/140.0.0.0 Safari/537.36 Edg/140.0.0.0', '2025-09-22 02:24:13'),
(114, 2, 'Logout', '', '::1', 'Mozilla/5.0 (Windows NT 10.0; Win64; x64) AppleWebKit/537.36 (KHTML, like Gecko) Chrome/140.0.0.0 Safari/537.36 Edg/140.0.0.0', '2025-09-22 02:26:14'),
(115, 2, 'Login', 'User berhasil login ke sistem', '::1', 'Mozilla/5.0 (Windows NT 10.0; Win64; x64) AppleWebKit/537.36 (KHTML, like Gecko) Chrome/140.0.0.0 Safari/537.36 Edg/140.0.0.0', '2025-09-22 02:26:21'),
(116, 2, 'Logout', '', '::1', 'Mozilla/5.0 (Windows NT 10.0; Win64; x64) AppleWebKit/537.36 (KHTML, like Gecko) Chrome/140.0.0.0 Safari/537.36 Edg/140.0.0.0', '2025-09-22 03:26:23'),
(117, 1, 'Login', 'User berhasil login ke sistem', '::1', 'Mozilla/5.0 (Windows NT 10.0; Win64; x64) AppleWebKit/537.36 (KHTML, like Gecko) Chrome/140.0.0.0 Safari/537.36 Edg/140.0.0.0', '2025-09-22 03:56:19'),
(118, 1, 'Logout', '', '::1', 'Mozilla/5.0 (Windows NT 10.0; Win64; x64) AppleWebKit/537.36 (KHTML, like Gecko) Chrome/140.0.0.0 Safari/537.36 Edg/140.0.0.0', '2025-09-22 04:49:03'),
(119, 2, 'Login', 'User berhasil login ke sistem', '::1', 'Mozilla/5.0 (Windows NT 10.0; Win64; x64) AppleWebKit/537.36 (KHTML, like Gecko) Chrome/140.0.0.0 Safari/537.36 Edg/140.0.0.0', '2025-09-22 04:49:08'),
(120, 1, 'Login', 'User berhasil login ke sistem', '::1', 'Mozilla/5.0 (Windows NT 10.0; Win64; x64) AppleWebKit/537.36 (KHTML, like Gecko) Chrome/140.0.0.0 Safari/537.36 Edg/140.0.0.0', '2025-10-01 03:28:12'),
(121, 1, 'Logout', '', '::1', 'Mozilla/5.0 (Windows NT 10.0; Win64; x64) AppleWebKit/537.36 (KHTML, like Gecko) Chrome/140.0.0.0 Safari/537.36 Edg/140.0.0.0', '2025-10-01 03:47:22'),
(122, 1, 'Login', 'User berhasil login ke sistem', '::1', 'Mozilla/5.0 (Windows NT 10.0; Win64; x64) AppleWebKit/537.36 (KHTML, like Gecko) Chrome/140.0.0.0 Safari/537.36 Edg/140.0.0.0', '2025-10-01 04:02:59'),
(123, 1, 'Login', 'User berhasil login ke sistem', '::1', 'Mozilla/5.0 (Windows NT 10.0; Win64; x64) AppleWebKit/537.36 (KHTML, like Gecko) Chrome/141.0.0.0 Safari/537.36 Edg/141.0.0.0', '2025-10-20 02:11:34'),
(124, 1, 'Login', 'User berhasil login ke sistem', '::1', 'Mozilla/5.0 (Windows NT 10.0; Win64; x64) AppleWebKit/537.36 (KHTML, like Gecko) Chrome/142.0.0.0 Safari/537.36 Edg/142.0.0.0', '2025-11-25 01:48:41'),
(125, 1, 'Logout', '', '::1', 'Mozilla/5.0 (Windows NT 10.0; Win64; x64) AppleWebKit/537.36 (KHTML, like Gecko) Chrome/142.0.0.0 Safari/537.36 Edg/142.0.0.0', '2025-11-25 01:50:24');

--
-- Indexes for dumped tables
--

--
-- Indexes for table `tb_detail_transaksi`
--
ALTER TABLE `tb_detail_transaksi`
  ADD PRIMARY KEY (`id`),
  ADD KEY `transaksi_id` (`transaksi_id`),
  ADD KEY `paket_id` (`paket_id`);

--
-- Indexes for table `tb_member`
--
ALTER TABLE `tb_member`
  ADD PRIMARY KEY (`id`);

--
-- Indexes for table `tb_outlet`
--
ALTER TABLE `tb_outlet`
  ADD PRIMARY KEY (`id`);

--
-- Indexes for table `tb_paket`
--
ALTER TABLE `tb_paket`
  ADD PRIMARY KEY (`id`),
  ADD KEY `outlet_id` (`outlet_id`);

--
-- Indexes for table `tb_pelanggan`
--
ALTER TABLE `tb_pelanggan`
  ADD PRIMARY KEY (`id`);

--
-- Indexes for table `tb_transaksi`
--
ALTER TABLE `tb_transaksi`
  ADD PRIMARY KEY (`id`),
  ADD UNIQUE KEY `kode_invoice` (`kode_invoice`),
  ADD KEY `outlet_id` (`outlet_id`),
  ADD KEY `user_id` (`user_id`),
  ADD KEY `fk_transaksi_pelanggan` (`pelanggan_id`),
  ADD KEY `tb_transaksi_ibfk_2` (`member_id`);

--
-- Indexes for table `tb_user`
--
ALTER TABLE `tb_user`
  ADD PRIMARY KEY (`id`),
  ADD UNIQUE KEY `username` (`username`),
  ADD KEY `outlet_id` (`outlet_id`);

--
-- Indexes for table `user_logs`
--
ALTER TABLE `user_logs`
  ADD PRIMARY KEY (`id`),
  ADD KEY `user_id` (`user_id`);

--
-- AUTO_INCREMENT for dumped tables
--

--
-- AUTO_INCREMENT for table `tb_detail_transaksi`
--
ALTER TABLE `tb_detail_transaksi`
  MODIFY `id` int NOT NULL AUTO_INCREMENT, AUTO_INCREMENT=37;

--
-- AUTO_INCREMENT for table `tb_member`
--
ALTER TABLE `tb_member`
  MODIFY `id` int NOT NULL AUTO_INCREMENT, AUTO_INCREMENT=21;

--
-- AUTO_INCREMENT for table `tb_outlet`
--
ALTER TABLE `tb_outlet`
  MODIFY `id` int NOT NULL AUTO_INCREMENT, AUTO_INCREMENT=9;

--
-- AUTO_INCREMENT for table `tb_paket`
--
ALTER TABLE `tb_paket`
  MODIFY `id` int NOT NULL AUTO_INCREMENT, AUTO_INCREMENT=8;

--
-- AUTO_INCREMENT for table `tb_pelanggan`
--
ALTER TABLE `tb_pelanggan`
  MODIFY `id` int NOT NULL AUTO_INCREMENT, AUTO_INCREMENT=7;

--
-- AUTO_INCREMENT for table `tb_transaksi`
--
ALTER TABLE `tb_transaksi`
  MODIFY `id` int NOT NULL AUTO_INCREMENT, AUTO_INCREMENT=36;

--
-- AUTO_INCREMENT for table `tb_user`
--
ALTER TABLE `tb_user`
  MODIFY `id` int NOT NULL AUTO_INCREMENT, AUTO_INCREMENT=12;

--
-- AUTO_INCREMENT for table `user_logs`
--
ALTER TABLE `user_logs`
  MODIFY `id` int NOT NULL AUTO_INCREMENT, AUTO_INCREMENT=126;

--
-- Constraints for dumped tables
--

--
-- Constraints for table `tb_detail_transaksi`
--
ALTER TABLE `tb_detail_transaksi`
  ADD CONSTRAINT `tb_detail_transaksi_ibfk_1` FOREIGN KEY (`transaksi_id`) REFERENCES `tb_transaksi` (`id`),
  ADD CONSTRAINT `tb_detail_transaksi_ibfk_2` FOREIGN KEY (`paket_id`) REFERENCES `tb_paket` (`id`);

--
-- Constraints for table `tb_paket`
--
ALTER TABLE `tb_paket`
  ADD CONSTRAINT `tb_paket_ibfk_1` FOREIGN KEY (`outlet_id`) REFERENCES `tb_outlet` (`id`);

--
-- Constraints for table `tb_transaksi`
--
ALTER TABLE `tb_transaksi`
  ADD CONSTRAINT `fk_transaksi_pelanggan` FOREIGN KEY (`pelanggan_id`) REFERENCES `tb_pelanggan` (`id`) ON DELETE SET NULL ON UPDATE CASCADE,
  ADD CONSTRAINT `tb_transaksi_ibfk_1` FOREIGN KEY (`outlet_id`) REFERENCES `tb_outlet` (`id`),
  ADD CONSTRAINT `tb_transaksi_ibfk_2` FOREIGN KEY (`member_id`) REFERENCES `tb_member` (`id`) ON DELETE SET NULL,
  ADD CONSTRAINT `tb_transaksi_ibfk_3` FOREIGN KEY (`user_id`) REFERENCES `tb_user` (`id`);

--
-- Constraints for table `tb_user`
--
ALTER TABLE `tb_user`
  ADD CONSTRAINT `tb_user_ibfk_1` FOREIGN KEY (`outlet_id`) REFERENCES `tb_outlet` (`id`);

--
-- Constraints for table `user_logs`
--
ALTER TABLE `user_logs`
  ADD CONSTRAINT `user_logs_ibfk_1` FOREIGN KEY (`user_id`) REFERENCES `tb_user` (`id`) ON DELETE CASCADE;
COMMIT;

/*!40101 SET CHARACTER_SET_CLIENT=@OLD_CHARACTER_SET_CLIENT */;
/*!40101 SET CHARACTER_SET_RESULTS=@OLD_CHARACTER_SET_RESULTS */;
/*!40101 SET COLLATION_CONNECTION=@OLD_COLLATION_CONNECTION */;
